-- phpMyAdmin SQL Dump
-- version 5.1.0
-- https://www.phpmyadmin.net/
--
-- Host: 127.0.0.1
-- Waktu pembuatan: 28 Jul 2021 pada 11.02
-- Versi server: 10.4.19-MariaDB
-- Versi PHP: 7.3.28

SET SQL_MODE = "NO_AUTO_VALUE_ON_ZERO";
START TRANSACTION;
SET time_zone = "+00:00";


/*!40101 SET @OLD_CHARACTER_SET_CLIENT=@@CHARACTER_SET_CLIENT */;
/*!40101 SET @OLD_CHARACTER_SET_RESULTS=@@CHARACTER_SET_RESULTS */;
/*!40101 SET @OLD_COLLATION_CONNECTION=@@COLLATION_CONNECTION */;
/*!40101 SET NAMES utf8mb4 */;

--
-- Database: `gaji`
--

-- --------------------------------------------------------

--
-- Struktur dari tabel `absensi`
--

CREATE TABLE `absensi` (
  `no_absen` int(11) NOT NULL,
  `nip` varchar(11) NOT NULL,
  `tanggal` date NOT NULL,
  `waktu_masuk` time DEFAULT NULL,
  `waktu_keluar` time DEFAULT NULL,
  `id_status` int(11) NOT NULL
) ENGINE=InnoDB DEFAULT CHARSET=latin1;

--
-- Dumping data untuk tabel `absensi`
--

INSERT INTO `absensi` (`no_absen`, `nip`, `tanggal`, `waktu_masuk`, `waktu_keluar`, `id_status`) VALUES
(17, '2017B01003', '2021-05-26', '07:44:05', '17:08:16', 9),
(22, '2017B03007', '2021-05-28', '07:00:15', '17:05:16', 1),
(23, '2017B01005', '2021-05-28', '07:44:36', '17:16:51', 9),
(27, '2017B03007', '2021-06-12', '07:00:15', '17:10:15', 1),
(28, '2017B01001', '2021-06-12', '06:59:23', '17:05:53', 1),
(29, '2017B01004', '2021-06-12', '06:59:42', '17:19:39', 1),
(30, '2017B04006', '2021-06-12', '07:00:36', '17:20:23', 1),
(31, '2017B03007', '2021-06-16', '07:00:15', '17:21:02', 1),
(34, '2017B03008', '2021-06-18', '07:00:25', '15:21:32', 3),
(35, '2017B03007', '2021-06-18', '07:00:15', '15:22:09', 3),
(47, '2017B01003', '2021-06-22', '07:44:05', '13:52:11', 9),
(61, '2017B01003', '2021-06-25', '07:44:05', '17:08:16', 9),
(63, '2017B01005', '2021-06-25', '07:44:36', '17:05:16', 9),
(65, '2017B03007', '2021-06-25', '07:00:15', '17:08:16', 1),
(82, '2017B01003', '2021-06-26', '07:44:05', '17:05:16', 9),
(86, '2017B03007', '2021-06-26', '07:00:15', '17:10:15', 1),
(87, '2017B03008', '2021-06-26', '07:00:25', '17:16:51', 1),
(101, '2017B02002', '2021-06-27', '07:00:04', '15:25:45', 3),
(102, '2017B01003', '2021-06-27', '07:44:05', '17:08:16', 9),
(118, '2017B01005', '2021-06-29', '07:44:36', '17:16:51', 9),
(119, '2017B04006', '2021-06-29', '07:00:36', '17:05:16', 1),
(120, '2017B03007', '2021-06-29', '07:00:15', '17:16:51', 1),
(121, '2017B03008', '2021-06-29', '07:00:25', '17:10:15', 1),
(122, '2017B02002', '2021-06-30', '07:00:04', '17:05:53', 1),
(123, '2017B01003', '2021-06-30', '07:44:05', '17:05:16', 9),
(128, '2017B03008', '2021-06-30', '07:00:25', '17:08:16', 1),
(129, '2017B01003', '2021-07-05', '07:44:05', '17:05:53', 9),
(130, '2017B01004', '2021-07-05', '06:59:42', '17:05:16', 1),
(131, '2017B01005', '2021-07-05', '07:44:36', '14:48:34', 9),
(132, '2017B02002', '2021-07-05', '07:00:04', '15:48:34', 3),
(133, '2017B03007', '2021-07-05', '07:00:15', '14:48:34', 3),
(134, '2017B03008', '2021-07-05', '07:00:25', '17:18:34', 1),
(135, '2017B04006', '2021-07-05', '07:00:36', '17:08:34', 1),
(136, '2017B01003', '2021-07-11', '07:44:05', '17:18:34', 9),
(137, '2017B01004', '2021-07-11', '06:59:42', '17:08:34', 1),
(138, '2017B01005', '2021-07-11', '07:44:36', '17:48:34', 9),
(139, '2017B02002', '2021-07-11', '07:00:04', '17:08:16', 1),
(140, '2017B03007', '2021-07-11', '07:00:15', '17:05:16', 1),
(141, '2017B03008', '2021-07-11', '07:00:25', '17:05:16', 1),
(142, '2017B04006', '2021-07-11', '07:00:36', '17:05:16', 1),
(143, '2019B03009', '2021-07-11', '07:00:52', '15:55:06', 3),
(144, '2021B04010', '2021-07-11', '07:31:50', '17:15:06', 1),
(145, '2017B01003', '2021-07-14', '07:44:05', '17:06:06', 9),
(146, '2017B01004', '2021-07-14', '06:59:42', '17:05:06', 1),
(147, '2017B01005', '2021-07-14', '07:44:36', '17:55:06', 9),
(148, '2017B02002', '2021-07-14', '07:00:04', '14:55:06', 3),
(149, '2017B03007', '2021-07-14', '07:00:15', '15:55:06', 3),
(150, '2017B03008', '2021-07-14', '07:00:25', '15:33:01', 3),
(151, '2017B04006', '2021-07-14', '07:00:36', '17:33:01', 1),
(152, '2019B03009', '2021-07-14', '07:00:52', '17:33:01', 1),
(153, '2021B04010', '2021-07-14', '07:31:50', '17:08:16', 1),
(154, '2017B01003', '2021-07-21', '07:44:05', '17:05:53', 9),
(155, '2017B01004', '2021-07-21', '06:59:42', '17:05:16', 1),
(156, '2017B01005', '2021-07-21', '07:44:36', '15:55:06', 9),
(157, '2017B02002', '2021-07-21', '07:00:04', '17:15:06', 1),
(158, '2017B03007', '2021-07-21', '07:00:15', '17:06:06', 1),
(159, '2017B03008', '2021-07-21', '07:00:25', '17:05:06', 1),
(160, '2017B04006', '2021-07-21', '07:00:36', '17:55:06', 1),
(161, '2019B03009', '2021-07-21', '07:00:52', '14:55:06', 3),
(162, '2021B04010', '2021-07-21', '07:31:50', '15:55:06', 3),
(163, '2017B01003', '2021-07-22', '07:44:05', '17:10:00', 9),
(164, '2017B01004', '2021-07-22', '06:59:42', '17:10:16', 1),
(165, '2017B01005', '2021-07-22', '07:44:36', '17:10:27', 9),
(166, '2017B02002', '2021-07-22', '07:00:04', '17:10:36', 1),
(167, '2017B03007', '2021-07-22', '07:00:15', '17:10:44', 1),
(168, '2017B03008', '2021-07-22', '07:00:25', '17:10:54', 1),
(169, '2017B04006', '2021-07-22', '07:00:36', '17:11:03', 1),
(170, '2019B03009', '2021-07-22', '07:00:52', '17:11:11', 1),
(171, '2021B01031', '2021-07-22', '07:01:15', '17:11:25', 1),
(172, '2021B01032', '2021-07-22', '07:47:11', '17:11:41', 9),
(173, '2021B01033', '2021-07-22', '09:28:10', '17:14:38', 10),
(174, '2021B01034', '2021-07-22', '07:01:43', '17:13:55', 1),
(175, '2021B01041', '2021-07-22', '07:01:53', '17:17:49', 1),
(176, '2021B01042', '2021-07-22', '09:28:31', '17:14:15', 10),
(177, '2021B01043', '2021-07-22', '07:02:12', '17:17:59', 1),
(178, '2021B01044', '2021-07-22', '07:02:30', '17:18:09', 1),
(179, '2021B01045', '2021-07-22', '07:02:40', '17:14:08', 1),
(180, '2021B02029', '2021-07-22', '07:02:49', '17:14:01', 1),
(181, '2021B02030', '2021-07-22', '07:02:59', '17:19:34', 1),
(182, '2021B02046', '2021-07-22', '07:10:46', '17:19:45', 1),
(183, '2021B03011', '2021-07-22', '07:11:00', '17:13:46', 1),
(184, '2021B03012', '2021-07-22', '07:11:12', '17:20:27', 1),
(185, '2021B03013', '2021-07-22', '07:11:28', '17:14:47', 1),
(186, '2021B03014', '2021-07-22', '07:11:39', '17:20:17', 1),
(187, '2021B03015', '2021-07-22', '07:11:51', '17:21:28', 1),
(188, '2021B03016', '2021-07-22', '07:12:01', '17:13:40', 1),
(189, '2021B03017', '2021-07-22', '07:12:13', '17:14:58', 1),
(190, '2021B03018', '2021-07-22', '07:12:25', '17:13:31', 1),
(191, '2021B03019', '2021-07-22', '07:12:35', '17:21:42', 1),
(192, '2021B03020', '2021-07-22', '07:12:46', '17:16:07', 1),
(193, '2021B03021', '2021-07-22', '07:12:58', '17:22:00', 1),
(194, '2021B03022', '2021-07-22', '07:13:13', '17:17:03', 1),
(195, '2021B03023', '2021-07-22', '07:13:35', '17:20:00', 1),
(196, '2021B03024', '2021-07-22', '07:13:56', '17:23:03', 1),
(197, '2021B03025', '2021-07-22', '07:14:13', '17:17:10', 1),
(198, '2021B03026', '2021-07-22', '07:48:45', '17:16:28', 9),
(199, '2021B03027', '2021-07-22', '07:15:10', '17:20:54', 1),
(200, '2021B03028', '2021-07-22', '07:15:25', '17:24:31', 1),
(201, '2021B03049', '2021-07-22', '08:34:33', '17:16:48', 2),
(202, '2021B03050', '2021-07-22', '07:50:09', '17:24:01', 9),
(203, '2021B03051', '2021-07-22', '07:16:03', '17:17:20', 1),
(204, '2021B03052', '2021-07-22', '07:18:04', '17:17:33', 1),
(205, '2021B03053', '2021-07-22', '07:17:38', '17:23:33', 1),
(206, '2021B03054', '2021-07-22', '07:17:55', '17:24:45', 1),
(207, '2021B03055', '2021-07-22', '07:19:19', '17:23:22', 1),
(208, '2021B03056', '2021-07-22', '07:18:17', '17:22:18', 1),
(209, '2021B03057', '2021-07-22', '07:18:36', '17:25:04', 1),
(210, '2021B03059', '2021-07-22', '07:19:02', '17:15:57', 1),
(211, '2021B03060', '2021-07-22', '07:28:30', '17:16:16', 1),
(212, '2021B03061', '2021-07-22', '07:28:43', '17:25:57', 1),
(213, '2021B03062', '2021-07-22', '07:29:09', '17:15:10', 1),
(214, '2021B03063', '2021-07-22', '07:29:33', '17:25:36', 1),
(215, '2021B03064', '2021-07-22', '07:30:03', '17:25:46', 1),
(216, '2021B03069', '2021-07-22', '08:34:56', '17:20:43', 2),
(217, '2021B03070', '2021-07-22', '07:30:51', '17:18:36', 1),
(218, '2021B03071', '2021-07-22', '07:31:39', '17:26:56', 1),
(219, '2021B03073', '2021-07-22', '07:22:25', '17:26:27', 1),
(220, '2021B04010', '2021-07-22', '07:31:50', '17:15:41', 1),
(221, '2021B04035', '2021-07-22', '07:47:28', '17:19:00', 9),
(222, '2021B04036', '2021-07-22', '08:36:18', '17:19:14', 2),
(223, '2021B04037', '2021-07-22', '07:32:19', '17:26:18', 1),
(224, '2021B04038', '2021-07-22', '07:32:42', '17:13:24', 1),
(225, '2021B04039', '2021-07-22', '08:35:57', '17:13:13', 2),
(226, '2021B04040', '2021-07-22', '08:36:07', '17:12:57', 2),
(227, '2021B04047', '2021-07-22', '07:32:52', '17:12:43', 1),
(228, '2021B04048', '2021-07-22', '07:33:05', '17:12:35', 1),
(229, '2021B04058', '2021-07-22', '07:33:44', '17:12:27', 1),
(230, '2021B04065', '2021-07-22', '07:25:02', '17:12:19', 1),
(231, '2021B04066', '2021-07-22', '07:46:16', '17:12:11', 9),
(232, '2021B04067', '2021-07-22', '07:46:09', '17:12:04', 9),
(233, '2021B04068', '2021-07-22', '07:46:02', '17:11:56', 9),
(234, '2021B04072', '2021-07-22', '07:45:54', '17:11:49', 9),
(452, '2017B01001', '2021-07-26', '06:59:23', NULL, 9),
(453, '2017B01003', '2021-07-26', '07:44:05', NULL, 9),
(454, '2017B01004', '2021-07-26', '06:59:42', NULL, 9),
(455, '2017B01005', '2021-07-26', '07:44:36', NULL, 9),
(456, '2017B02002', '2021-07-26', '07:00:04', NULL, 9),
(457, '2017B03007', '2021-07-26', '07:00:15', NULL, 9),
(458, '2017B03008', '2021-07-26', '07:00:25', NULL, 9),
(459, '2017B04006', '2021-07-26', '07:00:36', NULL, 9),
(460, '2019B03009', '2021-07-26', '07:00:52', NULL, 9),
(461, '2021B01031', '2021-07-26', '07:01:15', NULL, 9),
(462, '2021B01032', '2021-07-26', '07:47:11', NULL, 9),
(463, '2021B01033', '2021-07-26', '09:28:10', NULL, 10),
(464, '2021B01034', '2021-07-26', '07:01:43', NULL, 9),
(465, '2021B01041', '2021-07-26', '07:01:53', NULL, 9),
(466, '2021B01042', '2021-07-26', '09:28:31', NULL, 10),
(467, '2021B01043', '2021-07-26', '07:02:12', NULL, 9),
(468, '2021B01044', '2021-07-26', '07:02:30', NULL, 9),
(469, '2021B01045', '2021-07-26', '07:02:40', NULL, 9),
(470, '2021B02029', '2021-07-26', '07:02:49', NULL, 9),
(471, '2021B02030', '2021-07-26', '07:02:59', NULL, 9),
(472, '2021B02046', '2021-07-26', '07:10:46', NULL, 9),
(473, '2021B03011', '2021-07-26', '07:11:00', NULL, 9),
(474, '2021B03012', '2021-07-26', '07:11:12', NULL, 9),
(475, '2021B03013', '2021-07-26', '07:11:28', NULL, 9),
(476, '2021B03014', '2021-07-26', '07:11:39', NULL, 9),
(477, '2021B03015', '2021-07-26', '07:11:51', NULL, 9),
(478, '2021B03016', '2021-07-26', '07:12:01', NULL, 9),
(479, '2021B03017', '2021-07-26', '07:12:13', NULL, 9),
(480, '2021B03018', '2021-07-26', '07:12:25', NULL, 9),
(481, '2021B03019', '2021-07-26', '07:12:35', NULL, 9),
(482, '2021B03020', '2021-07-26', '07:12:46', NULL, 9),
(483, '2021B03021', '2021-07-26', '07:12:58', NULL, 9),
(484, '2021B03022', '2021-07-26', '07:13:13', NULL, 9),
(485, '2021B03023', '2021-07-26', '07:13:35', NULL, 9),
(486, '2021B03024', '2021-07-26', '07:13:56', NULL, 9),
(487, '2021B03025', '2021-07-26', '07:14:13', NULL, 9),
(488, '2021B03026', '2021-07-26', '07:48:45', NULL, 9),
(489, '2021B03027', '2021-07-26', '07:15:10', NULL, 9),
(490, '2021B03028', '2021-07-26', '07:15:25', NULL, 9),
(491, '2021B03049', '2021-07-26', '08:34:33', NULL, 10),
(492, '2021B03050', '2021-07-26', '07:50:09', NULL, 9),
(493, '2021B03051', '2021-07-26', '07:16:03', NULL, 9),
(494, '2021B03052', '2021-07-26', NULL, NULL, 6),
(495, '2021B03053', '2021-07-26', '07:17:38', NULL, 9),
(496, '2021B03054', '2021-07-26', '07:17:55', NULL, 9),
(497, '2021B03055', '2021-07-26', NULL, NULL, 6),
(498, '2021B03056', '2021-07-26', '07:18:17', NULL, 9),
(499, '2021B03057', '2021-07-26', '07:18:36', NULL, 9),
(500, '2021B03059', '2021-07-26', '07:19:02', NULL, 9),
(501, '2021B03060', '2021-07-26', '07:28:30', NULL, 9),
(502, '2021B03061', '2021-07-26', '07:28:43', NULL, 9),
(503, '2021B03062', '2021-07-26', '07:29:09', NULL, 9),
(504, '2021B03063', '2021-07-26', '07:29:33', NULL, 9),
(505, '2021B03064', '2021-07-26', '07:30:03', NULL, 9),
(506, '2021B03069', '2021-07-26', '08:34:56', NULL, 9),
(507, '2021B03070', '2021-07-26', '07:30:51', NULL, 9),
(508, '2021B03071', '2021-07-26', '07:31:39', NULL, 9),
(509, '2021B03073', '2021-07-26', NULL, NULL, 6),
(510, '2021B04010', '2021-07-26', '07:31:50', NULL, 9),
(511, '2021B04035', '2021-07-26', '07:47:28', NULL, 9),
(512, '2021B04036', '2021-07-26', '08:36:18', NULL, 10),
(513, '2021B04037', '2021-07-26', '07:32:19', NULL, 9),
(514, '2021B04038', '2021-07-26', '07:32:42', NULL, 9),
(515, '2021B04039', '2021-07-26', '08:35:57', NULL, 10),
(516, '2021B04040', '2021-07-26', '08:36:07', NULL, 10),
(517, '2021B04047', '2021-07-26', '07:32:52', NULL, 9),
(518, '2021B04048', '2021-07-26', '07:33:05', NULL, 9),
(519, '2021B04058', '2021-07-26', '07:33:44', NULL, 9),
(520, '2021B04065', '2021-07-26', NULL, NULL, 6),
(521, '2021B04066', '2021-07-26', '07:46:16', NULL, 9),
(522, '2021B04067', '2021-07-26', '07:46:09', NULL, 9),
(523, '2021B04068', '2021-07-26', '07:46:02', NULL, 9),
(524, '2021B04072', '2021-07-26', '07:45:54', NULL, 9),
(525, '2017B01001', '2021-07-27', '06:59:23', '11:13:47', 3),
(526, '2017B01003', '2021-07-27', '07:44:05', '17:01:37', 9),
(527, '2017B01004', '2021-07-27', '06:59:42', '17:01:51', 1),
(528, '2017B01005', '2021-07-27', '07:44:36', '17:01:59', 9),
(529, '2017B02002', '2021-07-27', '07:00:04', '11:48:52', 3),
(530, '2017B03007', '2021-07-27', '07:00:15', '17:02:18', 1),
(531, '2017B03008', '2021-07-27', '07:00:25', '17:02:28', 1),
(532, '2017B04006', '2021-07-27', '07:00:36', '17:02:38', 1),
(533, '2019B03009', '2021-07-27', '07:00:52', '17:02:50', 1),
(534, '2021B01031', '2021-07-27', '07:01:15', '17:03:02', 1),
(535, '2021B01032', '2021-07-27', '07:47:11', '17:03:09', 9),
(536, '2021B01033', '2021-07-27', '09:28:10', '17:03:15', 10),
(537, '2021B01034', '2021-07-27', '07:01:43', '17:03:23', 1),
(538, '2021B01041', '2021-07-27', '07:01:53', '17:03:30', 1),
(539, '2021B01042', '2021-07-27', '09:28:31', '17:03:39', 10),
(540, '2021B01043', '2021-07-27', '07:02:12', '17:03:48', 1),
(541, '2021B01044', '2021-07-27', '07:02:30', '17:03:59', 1),
(542, '2021B01045', '2021-07-27', '07:02:40', '17:04:10', 1),
(543, '2021B02029', '2021-07-27', '07:02:49', '17:04:23', 1),
(544, '2021B02030', '2021-07-27', '07:02:59', '17:04:35', 1),
(545, '2021B02046', '2021-07-27', '07:10:46', '17:04:47', 1),
(546, '2021B03011', '2021-07-27', '07:11:00', '17:04:58', 1),
(547, '2021B03012', '2021-07-27', '07:11:12', '17:05:08', 1),
(548, '2021B03013', '2021-07-27', '07:11:28', '17:05:18', 1),
(549, '2021B03014', '2021-07-27', '07:11:39', '17:05:29', 1),
(550, '2021B03015', '2021-07-27', '07:11:51', '17:05:44', 1),
(551, '2021B03016', '2021-07-27', '07:12:01', '17:05:56', 1),
(552, '2021B03017', '2021-07-27', '07:12:13', '17:06:12', 1),
(553, '2021B03018', '2021-07-27', '07:12:25', '17:06:21', 1),
(554, '2021B03019', '2021-07-27', '07:12:35', '17:06:33', 1),
(555, '2021B03020', '2021-07-27', '07:12:46', '17:06:43', 1),
(556, '2021B03021', '2021-07-27', '07:12:58', '17:06:55', 1),
(557, '2021B03022', '2021-07-27', '07:13:13', '17:07:05', 1),
(558, '2021B03023', '2021-07-27', '07:13:35', '17:07:20', 1),
(559, '2021B03024', '2021-07-27', '07:13:56', '17:07:30', 1),
(560, '2021B03025', '2021-07-27', '07:14:13', '17:07:41', 1),
(561, '2021B03026', '2021-07-27', '07:48:45', '17:07:52', 9),
(562, '2021B03027', '2021-07-27', '07:15:10', '17:08:15', 1),
(563, '2021B03028', '2021-07-27', '07:15:25', '17:08:26', 1),
(564, '2021B03049', '2021-07-27', '08:34:33', '17:08:37', 2),
(565, '2021B03050', '2021-07-27', '07:50:09', '17:08:49', 9),
(566, '2021B03051', '2021-07-27', '07:16:03', '17:09:01', 1),
(567, '2021B03052', '2021-07-27', NULL, '17:09:10', 1),
(568, '2021B03053', '2021-07-27', '07:17:38', '17:09:48', 1),
(569, '2021B03054', '2021-07-27', '07:17:55', '17:10:00', 1),
(570, '2021B03055', '2021-07-27', NULL, '17:10:11', 1),
(571, '2021B03056', '2021-07-27', '07:18:17', '17:10:19', 1),
(572, '2021B03057', '2021-07-27', '07:18:36', '17:10:41', 1),
(573, '2021B03059', '2021-07-27', '07:19:02', '17:10:55', 1),
(574, '2021B03060', '2021-07-27', '07:28:30', '17:11:06', 1),
(575, '2021B03061', '2021-07-27', '07:28:43', '17:16:50', 1),
(576, '2021B03062', '2021-07-27', '07:29:09', '17:11:37', 1),
(577, '2021B03063', '2021-07-27', '07:29:33', '17:11:47', 1),
(578, '2021B03064', '2021-07-27', '07:30:03', '17:11:57', 1),
(579, '2021B03069', '2021-07-27', '08:34:56', '17:12:09', 2),
(580, '2021B03070', '2021-07-27', '07:30:51', '17:12:21', 1),
(581, '2021B03071', '2021-07-27', '07:31:39', '17:12:56', 1),
(582, '2021B03073', '2021-07-27', NULL, '17:12:42', 1),
(583, '2021B04010', '2021-07-27', '07:31:50', '17:13:13', 1),
(584, '2021B04035', '2021-07-27', '07:47:28', '17:13:22', 9),
(585, '2021B04036', '2021-07-27', '08:36:18', '17:13:37', 2),
(586, '2021B04037', '2021-07-27', '07:32:19', '17:13:51', 1),
(587, '2021B04038', '2021-07-27', '07:32:42', '17:14:05', 1),
(588, '2021B04039', '2021-07-27', '08:35:57', '17:14:20', 2),
(589, '2021B04040', '2021-07-27', '08:36:07', '17:14:31', 2),
(590, '2021B04047', '2021-07-27', '07:32:52', '17:17:13', 1),
(591, '2021B04048', '2021-07-27', '07:33:05', '17:14:40', 1),
(592, '2021B04058', '2021-07-27', '07:33:44', '17:14:53', 1),
(593, '2021B04065', '2021-07-27', NULL, '17:15:03', 1),
(594, '2021B04066', '2021-07-27', '07:46:16', '17:15:23', 9),
(595, '2021B04067', '2021-07-27', '07:46:09', '17:15:33', 9),
(596, '2021B04068', '2021-07-27', '07:46:02', '17:15:46', 9),
(597, '2021B04072', '2021-07-27', '07:45:54', '17:15:53', 9),
(598, '2017B01001', '2021-07-28', NULL, NULL, 6),
(599, '2017B01003', '2021-07-28', '07:44:05', NULL, 9),
(600, '2017B01004', '2021-07-28', NULL, NULL, 6),
(601, '2017B01005', '2021-07-28', '07:44:36', '09:41:16', 3),
(602, '2017B02002', '2021-07-28', NULL, '09:41:40', 3),
(603, '2017B03007', '2021-07-28', NULL, NULL, 6),
(604, '2017B03008', '2021-07-28', NULL, NULL, 6),
(605, '2017B04006', '2021-07-28', NULL, NULL, 6),
(606, '2019B03009', '2021-07-28', NULL, NULL, 6),
(607, '2021B01031', '2021-07-28', NULL, NULL, 6),
(608, '2021B01032', '2021-07-28', '07:47:11', NULL, 9),
(609, '2021B01033', '2021-07-28', '09:28:10', NULL, 10),
(610, '2021B01034', '2021-07-28', NULL, NULL, 6),
(611, '2021B01041', '2021-07-28', NULL, NULL, 6),
(612, '2021B01042', '2021-07-28', '09:28:31', NULL, 10),
(613, '2021B01043', '2021-07-28', NULL, NULL, 6),
(614, '2021B01044', '2021-07-28', NULL, NULL, 6),
(615, '2021B01045', '2021-07-28', NULL, NULL, 6),
(616, '2021B02029', '2021-07-28', NULL, NULL, 7),
(617, '2021B02030', '2021-07-28', NULL, NULL, 6),
(618, '2021B02046', '2021-07-28', NULL, NULL, 6),
(619, '2021B03011', '2021-07-28', NULL, NULL, 6),
(620, '2021B03012', '2021-07-28', NULL, NULL, 6),
(621, '2021B03013', '2021-07-28', NULL, NULL, 6),
(622, '2021B03014', '2021-07-28', NULL, NULL, 6),
(623, '2021B03015', '2021-07-28', NULL, NULL, 6),
(624, '2021B03016', '2021-07-28', NULL, NULL, 6),
(625, '2021B03017', '2021-07-28', NULL, NULL, 6),
(626, '2021B03018', '2021-07-28', NULL, NULL, 6),
(627, '2021B03019', '2021-07-28', NULL, NULL, 6),
(628, '2021B03020', '2021-07-28', NULL, NULL, 6),
(629, '2021B03021', '2021-07-28', NULL, NULL, 6),
(630, '2021B03022', '2021-07-28', NULL, NULL, 6),
(631, '2021B03023', '2021-07-28', NULL, NULL, 6),
(632, '2021B03024', '2021-07-28', NULL, NULL, 6),
(633, '2021B03025', '2021-07-28', NULL, NULL, 6),
(634, '2021B03026', '2021-07-28', '07:48:45', NULL, 9),
(635, '2021B03027', '2021-07-28', NULL, NULL, 6),
(636, '2021B03028', '2021-07-28', NULL, NULL, 6),
(637, '2021B03049', '2021-07-28', NULL, NULL, 6),
(638, '2021B03050', '2021-07-28', '07:50:09', NULL, 9),
(639, '2021B03051', '2021-07-28', NULL, NULL, 6),
(640, '2021B03052', '2021-07-28', NULL, NULL, 6),
(641, '2021B03053', '2021-07-28', NULL, NULL, 6),
(642, '2021B03054', '2021-07-28', NULL, NULL, 6),
(643, '2021B03055', '2021-07-28', NULL, NULL, 6),
(644, '2021B03056', '2021-07-28', NULL, NULL, 6),
(645, '2021B03057', '2021-07-28', NULL, NULL, 6),
(646, '2021B03059', '2021-07-28', NULL, NULL, 6),
(647, '2021B03060', '2021-07-28', NULL, NULL, 6),
(648, '2021B03061', '2021-07-28', NULL, NULL, 6),
(649, '2021B03062', '2021-07-28', NULL, NULL, 6),
(650, '2021B03063', '2021-07-28', NULL, NULL, 6),
(651, '2021B03064', '2021-07-28', NULL, NULL, 6),
(652, '2021B03069', '2021-07-28', NULL, NULL, 6),
(653, '2021B03070', '2021-07-28', NULL, NULL, 6),
(654, '2021B03071', '2021-07-28', NULL, NULL, 6),
(655, '2021B03073', '2021-07-28', NULL, NULL, 6),
(656, '2021B04010', '2021-07-28', NULL, NULL, 6),
(657, '2021B04035', '2021-07-28', '07:47:28', NULL, 9),
(658, '2021B04036', '2021-07-28', NULL, NULL, 6),
(659, '2021B04037', '2021-07-28', NULL, NULL, 6),
(660, '2021B04038', '2021-07-28', NULL, NULL, 6),
(661, '2021B04039', '2021-07-28', NULL, NULL, 6),
(662, '2021B04040', '2021-07-28', NULL, NULL, 6),
(663, '2021B04047', '2021-07-28', NULL, NULL, 6),
(664, '2021B04048', '2021-07-28', NULL, NULL, 6),
(665, '2021B04058', '2021-07-28', NULL, NULL, 6),
(666, '2021B04065', '2021-07-28', NULL, NULL, 6),
(667, '2021B04066', '2021-07-28', '07:46:16', NULL, 9),
(668, '2021B04067', '2021-07-28', '07:46:09', NULL, 9),
(669, '2021B04068', '2021-07-28', '07:46:02', NULL, 9),
(670, '2021B04072', '2021-07-28', '07:45:54', NULL, 9);

-- --------------------------------------------------------

--
-- Struktur dari tabel `cuti`
--

CREATE TABLE `cuti` (
  `id_cuti` int(11) NOT NULL,
  `tanggal_mulai` date NOT NULL,
  `tanggal_selesai` date NOT NULL,
  `nip` varchar(11) NOT NULL,
  `alasan` varchar(100) NOT NULL,
  `catatan` varchar(50) DEFAULT NULL,
  `status_pengajuan` enum('belum','acc','tolak','') NOT NULL
) ENGINE=InnoDB DEFAULT CHARSET=latin1;

--
-- Dumping data untuk tabel `cuti`
--

INSERT INTO `cuti` (`id_cuti`, `tanggal_mulai`, `tanggal_selesai`, `nip`, `alasan`, `catatan`, `status_pengajuan`) VALUES
(3, '2021-06-25', '2021-06-26', '2017B04006', 'Menikah', 'Satu Hari Saja', 'acc'),
(6, '2021-07-28', '2021-08-04', '2017B01004', 'Menikah', NULL, 'acc'),
(7, '2021-08-02', '2021-08-09', '2021B03011', 'Menikah', NULL, 'acc'),
(9, '2021-08-04', '2021-08-11', '2021B03026', 'Menikah', NULL, 'acc'),
(10, '2021-08-05', '2021-11-05', '2021B04010', 'Melahirkan', NULL, 'belum');

-- --------------------------------------------------------

--
-- Struktur dari tabel `gaji`
--

CREATE TABLE `gaji` (
  `no_slip` int(11) NOT NULL,
  `tanggal` date NOT NULL,
  `nip` varchar(11) NOT NULL,
  `hadir` int(11) DEFAULT NULL,
  `alpa` int(11) DEFAULT NULL,
  `terlambat` int(11) DEFAULT NULL,
  `pulang_awal` int(11) DEFAULT NULL,
  `terlambat_pulang_awal` int(11) DEFAULT NULL,
  `presensi_belum` int(11) NOT NULL,
  `terlambat_presensi_belum` int(11) NOT NULL,
  `potongan` int(11) NOT NULL,
  `total_gaji` int(11) NOT NULL,
  `status_gaji` enum('validkep','validpemilik','','') NOT NULL
) ENGINE=InnoDB DEFAULT CHARSET=latin1;

--
-- Dumping data untuk tabel `gaji`
--

INSERT INTO `gaji` (`no_slip`, `tanggal`, `nip`, `hadir`, `alpa`, `terlambat`, `pulang_awal`, `terlambat_pulang_awal`, `presensi_belum`, `terlambat_presensi_belum`, `potongan`, `total_gaji`, `status_gaji`) VALUES
(97, '2021-05-26', '2017B01001', NULL, NULL, NULL, NULL, NULL, 0, 0, 2, 1300000, 'validkep'),
(98, '2021-05-28', '2017B02002', NULL, NULL, NULL, NULL, NULL, 0, 0, 0, 1200000, 'validkep'),
(99, '2021-05-26', '2017B01003', NULL, NULL, NULL, NULL, NULL, 0, 0, 2, 1650000, 'validkep'),
(100, '2021-05-26', '2017B01004', NULL, NULL, NULL, NULL, NULL, 0, 0, 1, 1650000, 'validkep'),
(101, '2021-05-28', '2017B01005', NULL, NULL, NULL, NULL, NULL, 0, 0, 0, 1650000, 'validkep'),
(102, '2021-05-28', '2017B04006', NULL, NULL, NULL, NULL, NULL, 0, 0, 1, 1250000, 'validkep'),
(103, '2021-05-28', '2017B03007', NULL, NULL, NULL, NULL, NULL, 0, 0, 0, 1300000, 'validkep'),
(111, '2021-06-12', '2017B01001', 2, 0, 2, 0, 0, 0, 0, 2, 1590000, 'validpemilik'),
(112, '2021-06-25', '2017B02002', 0, 3, 0, 0, 0, 0, 0, 6, 1020000, 'validpemilik'),
(113, '2021-06-22', '2017B01003', 1, 3, 0, 0, 1, 0, 0, 8, 1410000, 'validpemilik'),
(114, '2021-06-12', '2017B01004', 4, 1, 3, 0, 1, 0, 0, 7, 1440000, 'validpemilik'),
(115, '2021-06-25', '2017B01005', 0, 3, 0, 0, 0, 0, 0, 6, 1470000, 'validpemilik'),
(116, '2021-06-12', '2017B04006', 2, 2, 0, 1, 0, 0, 0, 5, 1100000, 'validpemilik'),
(117, '2021-06-12', '2017B03007', 3, 3, 0, 0, 0, 0, 0, 6, 1120000, 'validpemilik'),
(118, '2021-06-12', '2017B03008', 3, 3, 0, 1, 0, 0, 0, 7, 1090000, 'validpemilik'),
(277, '2021-07-23', '2017B01003', 9, 0, 0, 0, 0, 0, 0, 0, 1650000, 'validpemilik'),
(278, '2021-07-23', '2017B01004', 5, 0, 0, 0, 0, 0, 0, 0, 1650000, 'validpemilik'),
(279, '2021-07-23', '2017B01005', 7, 0, 0, 0, 0, 0, 0, 0, 1650000, 'validpemilik'),
(280, '2021-07-23', '2017B02002', 7, 0, 0, 3, 0, 0, 0, 3, 1110000, 'validpemilik'),
(281, '2021-07-23', '2017B03007', 8, 0, 0, 2, 0, 0, 0, 2, 1240000, 'validpemilik'),
(282, '2021-07-23', '2017B03008', 8, 0, 0, 0, 1, 0, 0, 2, 1240000, 'validpemilik'),
(284, '2021-07-23', '2019B03009', 4, 0, 1, 2, 0, 0, 0, 3, 1210000, 'validpemilik'),
(285, '2021-07-23', '2021B01031', 1, 0, 0, 0, 0, 0, 0, 0, 1650000, 'validpemilik'),
(286, '2021-07-23', '2021B01032', 1, 0, 0, 0, 0, 0, 0, 0, 1650000, 'validpemilik'),
(287, '2021-07-23', '2021B01033', 1, 0, 0, 0, 0, 0, 0, 0, 1650000, 'validpemilik'),
(288, '2021-07-23', '2021B01034', 1, 0, 0, 0, 0, 0, 0, 0, 1650000, 'validpemilik'),
(289, '2021-07-23', '2021B01041', 1, 0, 0, 0, 0, 0, 0, 0, 1650000, 'validpemilik'),
(290, '2021-07-23', '2021B01042', 1, 0, 0, 0, 0, 0, 0, 0, 1650000, 'validpemilik'),
(291, '2021-07-23', '2021B01043', 1, 0, 0, 0, 0, 0, 0, 0, 1650000, 'validpemilik'),
(292, '2021-07-23', '2021B01044', 1, 0, 0, 0, 0, 0, 0, 0, 1650000, 'validpemilik'),
(293, '2021-07-23', '2021B01045', 1, 0, 0, 0, 0, 0, 0, 0, 1650000, 'validpemilik'),
(294, '2021-07-23', '2021B02029', 1, 0, 0, 0, 0, 0, 0, 0, 1200000, 'validpemilik'),
(295, '2021-07-23', '2021B02030', 1, 0, 0, 0, 0, 0, 0, 0, 1200000, 'validpemilik'),
(296, '2021-07-23', '2021B02046', 1, 0, 0, 0, 0, 0, 0, 0, 1200000, 'validpemilik'),
(297, '2021-07-23', '2021B03011', 1, 0, 0, 0, 0, 0, 0, 0, 1300000, 'validpemilik'),
(298, '2021-07-23', '2021B03012', 1, 0, 0, 0, 0, 0, 0, 0, 1300000, 'validpemilik'),
(299, '2021-07-23', '2021B03013', 1, 0, 0, 0, 0, 0, 0, 0, 1300000, 'validpemilik'),
(300, '2021-07-23', '2021B03014', 1, 0, 0, 0, 0, 0, 0, 0, 1300000, 'validpemilik'),
(301, '2021-07-23', '2021B03015', 1, 0, 0, 0, 0, 0, 0, 0, 1300000, 'validpemilik'),
(302, '2021-07-23', '2021B03016', 1, 0, 0, 0, 0, 0, 0, 0, 1300000, 'validpemilik'),
(303, '2021-07-23', '2021B03017', 1, 0, 0, 0, 0, 0, 0, 0, 1300000, 'validpemilik'),
(304, '2021-07-23', '2021B03018', 1, 0, 0, 0, 0, 0, 0, 0, 1300000, 'validpemilik'),
(305, '2021-07-23', '2021B03019', 1, 0, 0, 0, 0, 0, 0, 0, 1300000, 'validpemilik'),
(306, '2021-07-23', '2021B03020', 1, 0, 0, 0, 0, 0, 0, 0, 1300000, 'validpemilik'),
(307, '2021-07-23', '2021B03021', 1, 0, 0, 0, 0, 0, 0, 0, 1300000, 'validpemilik'),
(308, '2021-07-23', '2021B03022', 1, 0, 0, 0, 0, 0, 0, 0, 1300000, 'validpemilik'),
(309, '2021-07-23', '2021B03023', 1, 0, 0, 0, 0, 0, 0, 0, 1300000, 'validpemilik'),
(310, '2021-07-23', '2021B03024', 1, 0, 0, 0, 0, 0, 0, 0, 1300000, 'validpemilik'),
(311, '2021-07-23', '2021B03025', 1, 0, 0, 0, 0, 0, 0, 0, 1300000, 'validpemilik'),
(312, '2021-07-23', '2021B03026', 1, 0, 0, 0, 0, 0, 0, 0, 1300000, 'validpemilik'),
(313, '2021-07-23', '2021B03027', 1, 0, 0, 0, 0, 0, 0, 0, 1300000, 'validpemilik'),
(314, '2021-07-23', '2021B03028', 1, 0, 0, 0, 0, 0, 0, 0, 1300000, 'validpemilik'),
(315, '2021-07-23', '2021B03049', 1, 0, 0, 0, 0, 0, 0, 0, 1300000, 'validpemilik'),
(316, '2021-07-23', '2021B03050', 1, 0, 0, 0, 0, 0, 0, 0, 1300000, 'validpemilik'),
(317, '2021-07-23', '2021B03051', 1, 0, 0, 0, 0, 0, 0, 0, 1300000, 'validpemilik'),
(318, '2021-07-23', '2021B03052', 1, 0, 0, 0, 0, 0, 0, 0, 1300000, 'validpemilik'),
(319, '2021-07-23', '2021B03053', 1, 0, 0, 0, 0, 0, 0, 0, 1300000, 'validpemilik'),
(320, '2021-07-23', '2021B03054', 1, 0, 0, 0, 0, 0, 0, 0, 1300000, 'validpemilik'),
(321, '2021-07-23', '2021B03055', 1, 0, 0, 0, 0, 0, 0, 0, 1300000, 'validpemilik'),
(322, '2021-07-23', '2021B03056', 1, 0, 0, 0, 0, 0, 0, 0, 1300000, 'validpemilik'),
(323, '2021-07-23', '2021B03057', 1, 0, 0, 0, 0, 0, 0, 0, 1300000, 'validpemilik'),
(324, '2021-07-23', '2021B03059', 1, 0, 0, 0, 0, 0, 0, 0, 1300000, 'validpemilik'),
(325, '2021-07-23', '2021B03060', 1, 0, 0, 0, 0, 0, 0, 0, 1300000, 'validpemilik'),
(326, '2021-07-23', '2021B03061', 1, 0, 0, 0, 0, 0, 0, 0, 1300000, 'validpemilik'),
(327, '2021-07-23', '2021B03062', 1, 0, 0, 0, 0, 0, 0, 0, 1300000, 'validpemilik'),
(568, '2021-07-28', '2017B01001', 2, 1, 0, 1, 0, 1, 0, 4, 1530000, 'validpemilik'),
(569, '2021-07-28', '2017B01003', 3, 0, 0, 0, 0, 3, 0, 3, 1560000, 'validpemilik'),
(570, '2021-07-28', '2017B01004', 2, 1, 0, 0, 0, 1, 0, 3, 1560000, 'validpemilik'),
(571, '2021-07-28', '2017B01005', 3, 0, 0, 1, 0, 2, 0, 3, 1560000, 'validpemilik'),
(572, '2021-07-28', '2017B02002', 3, 0, 0, 2, 0, 1, 0, 3, 1110000, 'validpemilik'),
(573, '2021-07-28', '2017B03007', 2, 1, 0, 0, 0, 1, 0, 3, 1210000, 'validpemilik'),
(574, '2021-07-28', '2017B03008', 2, 1, 0, 0, 0, 1, 0, 3, 1210000, 'validpemilik'),
(575, '2021-07-28', '2017B04006', 2, 1, 0, 0, 0, 1, 0, 3, 1160000, 'validpemilik'),
(576, '2021-07-28', '2019B03009', 2, 1, 0, 0, 0, 1, 0, 3, 1210000, 'validpemilik'),
(577, '2021-07-28', '2021B01031', 2, 1, 0, 0, 0, 1, 0, 3, 1560000, 'validpemilik'),
(578, '2021-07-28', '2021B01032', 3, 0, 0, 0, 0, 3, 0, 3, 1560000, 'validpemilik'),
(579, '2021-07-28', '2021B01033', 3, 0, 0, 0, 0, 0, 3, 6, 1470000, 'validpemilik'),
(580, '2021-07-28', '2021B01034', 2, 1, 0, 0, 0, 1, 0, 3, 1560000, 'validpemilik'),
(581, '2021-07-28', '2021B01041', 2, 1, 0, 0, 0, 1, 0, 3, 1560000, 'validpemilik'),
(582, '2021-07-28', '2021B01042', 3, 0, 0, 0, 0, 0, 3, 6, 1470000, 'validpemilik'),
(583, '2021-07-28', '2021B01043', 2, 1, 0, 0, 0, 1, 0, 3, 1560000, 'validpemilik'),
(584, '2021-07-28', '2021B01044', 2, 1, 0, 0, 0, 1, 0, 3, 1560000, 'validpemilik'),
(585, '2021-07-28', '2021B01045', 2, 1, 0, 0, 0, 1, 0, 3, 1560000, 'validpemilik'),
(586, '2021-07-28', '2021B02029', 2, 0, 0, 0, 0, 1, 0, 1, 1170000, 'validpemilik'),
(587, '2021-07-28', '2021B02030', 2, 1, 0, 0, 0, 1, 0, 3, 1110000, 'validpemilik'),
(588, '2021-07-28', '2021B02046', 2, 1, 0, 0, 0, 1, 0, 3, 1110000, 'validpemilik'),
(589, '2021-07-28', '2021B03011', 2, 1, 0, 0, 0, 1, 0, 3, 1210000, 'validpemilik'),
(590, '2021-07-28', '2021B03012', 2, 1, 0, 0, 0, 1, 0, 3, 1210000, 'validpemilik'),
(591, '2021-07-28', '2021B03013', 2, 1, 0, 0, 0, 1, 0, 3, 1210000, 'validpemilik'),
(592, '2021-07-28', '2021B03014', 2, 1, 0, 0, 0, 1, 0, 3, 1210000, 'validpemilik'),
(593, '2021-07-28', '2021B03015', 2, 1, 0, 0, 0, 1, 0, 3, 1210000, 'validpemilik'),
(594, '2021-07-28', '2021B03016', 2, 1, 0, 0, 0, 1, 0, 3, 1210000, 'validpemilik'),
(595, '2021-07-28', '2021B03017', 2, 1, 0, 0, 0, 1, 0, 3, 1210000, 'validpemilik'),
(596, '2021-07-28', '2021B03018', 2, 1, 0, 0, 0, 1, 0, 3, 1210000, 'validpemilik'),
(597, '2021-07-28', '2021B03019', 2, 1, 0, 0, 0, 1, 0, 3, 1210000, 'validpemilik'),
(598, '2021-07-28', '2021B03020', 2, 1, 0, 0, 0, 1, 0, 3, 1210000, 'validpemilik'),
(599, '2021-07-28', '2021B03021', 2, 1, 0, 0, 0, 1, 0, 3, 1210000, 'validpemilik'),
(600, '2021-07-28', '2021B03022', 2, 1, 0, 0, 0, 1, 0, 3, 1210000, 'validpemilik'),
(601, '2021-07-28', '2021B03023', 2, 1, 0, 0, 0, 1, 0, 3, 1210000, 'validpemilik'),
(602, '2021-07-28', '2021B03024', 2, 1, 0, 0, 0, 1, 0, 3, 1210000, 'validpemilik'),
(603, '2021-07-28', '2021B03025', 2, 1, 0, 0, 0, 1, 0, 3, 1210000, 'validpemilik'),
(604, '2021-07-28', '2021B03026', 3, 0, 0, 0, 0, 3, 0, 3, 1210000, 'validpemilik'),
(605, '2021-07-28', '2021B03027', 2, 1, 0, 0, 0, 1, 0, 3, 1210000, 'validpemilik'),
(606, '2021-07-28', '2021B03028', 2, 1, 0, 0, 0, 1, 0, 3, 1210000, 'validpemilik'),
(607, '2021-07-28', '2021B03049', 2, 1, 1, 0, 0, 0, 1, 5, 1150000, 'validpemilik'),
(608, '2021-07-28', '2021B03050', 3, 0, 0, 0, 0, 3, 0, 3, 1210000, 'validpemilik'),
(609, '2021-07-28', '2021B03051', 2, 1, 0, 0, 0, 1, 0, 3, 1210000, 'validpemilik'),
(610, '2021-07-28', '2021B03052', 1, 2, 0, 0, 0, 0, 0, 4, 1180000, 'validpemilik'),
(611, '2021-07-28', '2021B03053', 2, 1, 0, 0, 0, 1, 0, 3, 1210000, 'validpemilik'),
(612, '2021-07-28', '2021B03054', 2, 1, 0, 0, 0, 1, 0, 3, 1210000, 'validpemilik'),
(613, '2021-07-28', '2021B03055', 1, 2, 0, 0, 0, 0, 0, 4, 1180000, 'validpemilik'),
(614, '2021-07-28', '2021B03056', 2, 1, 0, 0, 0, 1, 0, 3, 1210000, 'validpemilik'),
(615, '2021-07-28', '2021B03057', 2, 1, 0, 0, 0, 1, 0, 3, 1210000, 'validpemilik'),
(616, '2021-07-28', '2021B03059', 2, 1, 0, 0, 0, 1, 0, 3, 1210000, 'validpemilik'),
(617, '2021-07-28', '2021B03060', 2, 1, 0, 0, 0, 1, 0, 3, 1210000, 'validpemilik'),
(618, '2021-07-28', '2021B03061', 2, 1, 0, 0, 0, 1, 0, 3, 1210000, 'validpemilik'),
(619, '2021-07-28', '2021B03062', 2, 1, 0, 0, 0, 1, 0, 3, 1210000, 'validpemilik'),
(620, '2021-07-28', '2021B03063', 2, 1, 0, 0, 0, 1, 0, 3, 1210000, 'validpemilik'),
(621, '2021-07-28', '2021B03064', 2, 1, 0, 0, 0, 1, 0, 3, 1210000, 'validpemilik'),
(622, '2021-07-28', '2021B03069', 2, 1, 1, 0, 0, 1, 0, 4, 1180000, 'validpemilik'),
(623, '2021-07-28', '2021B03070', 2, 1, 0, 0, 0, 1, 0, 3, 1210000, 'validpemilik'),
(624, '2021-07-28', '2021B03071', 2, 1, 0, 0, 0, 1, 0, 3, 1210000, 'validpemilik'),
(625, '2021-07-28', '2021B03073', 1, 2, 0, 0, 0, 0, 0, 4, 1180000, 'validpemilik'),
(626, '2021-07-28', '2021B04010', 2, 1, 0, 0, 0, 1, 0, 3, 1160000, 'validpemilik'),
(627, '2021-07-28', '2021B04035', 3, 0, 0, 0, 0, 3, 0, 3, 1160000, 'validpemilik'),
(628, '2021-07-28', '2021B04036', 2, 1, 1, 0, 0, 0, 1, 5, 1100000, 'validpemilik'),
(629, '2021-07-28', '2021B04037', 2, 1, 0, 0, 0, 1, 0, 3, 1160000, 'validpemilik'),
(630, '2021-07-28', '2021B04038', 2, 1, 0, 0, 0, 1, 0, 3, 1160000, 'validpemilik'),
(631, '2021-07-28', '2021B04039', 2, 1, 1, 0, 0, 0, 1, 5, 1100000, 'validpemilik'),
(632, '2021-07-28', '2021B04040', 2, 1, 1, 0, 0, 0, 1, 5, 1100000, 'validpemilik'),
(633, '2021-07-28', '2021B04047', 2, 1, 0, 0, 0, 1, 0, 3, 1160000, 'validpemilik'),
(634, '2021-07-28', '2021B04048', 2, 1, 0, 0, 0, 1, 0, 3, 1160000, 'validpemilik'),
(635, '2021-07-28', '2021B04058', 2, 1, 0, 0, 0, 1, 0, 3, 1160000, 'validpemilik'),
(636, '2021-07-28', '2021B04065', 1, 2, 0, 0, 0, 0, 0, 4, 1130000, 'validpemilik'),
(637, '2021-07-28', '2021B04066', 3, 0, 0, 0, 0, 3, 0, 3, 1160000, 'validpemilik'),
(638, '2021-07-28', '2021B04067', 3, 0, 0, 0, 0, 3, 0, 3, 1160000, 'validpemilik'),
(639, '2021-07-28', '2021B04068', 3, 0, 0, 0, 0, 3, 0, 3, 1160000, 'validpemilik'),
(640, '2021-07-28', '2021B04072', 3, 0, 0, 0, 0, 3, 0, 3, 1160000, 'validpemilik');

-- --------------------------------------------------------

--
-- Struktur dari tabel `jabatan`
--

CREATE TABLE `jabatan` (
  `kode_jabatan` varchar(11) NOT NULL,
  `nama_jabatan` varchar(60) NOT NULL,
  `gaji` int(11) NOT NULL
) ENGINE=InnoDB DEFAULT CHARSET=latin1;

--
-- Dumping data untuk tabel `jabatan`
--

INSERT INTO `jabatan` (`kode_jabatan`, `nama_jabatan`, `gaji`) VALUES
('B01', 'Kolam', 1650000),
('B02', 'keamanan', 1200000),
('B03', 'Lapangan', 1300000),
('B04', 'Restoran', 1250000);

-- --------------------------------------------------------

--
-- Struktur dari tabel `login`
--

CREATE TABLE `login` (
  `id` int(11) NOT NULL,
  `nip` varchar(11) NOT NULL,
  `password` varchar(100) NOT NULL,
  `role` enum('bag','pegawai','owner','') NOT NULL
) ENGINE=InnoDB DEFAULT CHARSET=latin1;

--
-- Dumping data untuk tabel `login`
--

INSERT INTO `login` (`id`, `nip`, `password`, `role`) VALUES
(1, '2017B01001', 'marcseratus', 'pegawai'),
(2, '2017B01004', '190op', 'pegawai'),
(3, '2017B01003', 'kepegawaian', 'bag'),
(5, '2017B01005', 'juned', 'owner'),
(6, '2017B04006', 'andi1990', 'pegawai'),
(7, '2017B03007', 'jajang1999', 'pegawai'),
(8, '2017B03008', 'rifal2006', 'pegawai'),
(10, '2021B04010', 'aspari010', 'pegawai'),
(11, '2021B03011', 'ajat', 'pegawai'),
(12, '2021B03012', 'engkos', 'pegawai'),
(13, '2021B03013', 'Enur', 'pegawai'),
(14, '2021B03014', 'hendar', 'pegawai'),
(15, '2021B03015', 'pepep', 'pegawai'),
(16, '2021B03016', 'asep', 'pegawai'),
(17, '2021B03017', 'nandan', 'pegawai'),
(18, '2021B03018', 'uwuh', 'pegawai'),
(19, '2021B03019', 'entin', 'pegawai'),
(20, '2021B03020', 'cencen', 'pegawai'),
(21, '2021B03021', 'tata', 'pegawai'),
(22, '2021B03022', 'dadang', 'pegawai'),
(23, '2021B03023', 'jajat', 'pegawai'),
(24, '2021B03024', 'awan', 'pegawai'),
(25, '2021B03025', 'agung', 'pegawai'),
(26, '2021B03026', 'wawan', 'pegawai'),
(27, '2021B03027', 'ama', 'pegawai'),
(28, '2021B03028', 'uden', 'pegawai'),
(29, '2021B02029', 'momo', 'pegawai'),
(30, '2021B02030', 'Ipan', 'pegawai'),
(31, '2021B01031', 'icanuranisa', 'pegawai'),
(32, '2021B01032', 'Devi', 'pegawai'),
(33, '2021B01033', 'opik', 'pegawai'),
(34, '2021B01034', 'deden', 'pegawai'),
(35, '2021B04035', 'nurliana', 'pegawai'),
(36, '2021B04036', 'asep', 'pegawai'),
(37, '2021B04037', 'maspupah', 'pegawai'),
(38, '2021B04038', 'yeni', 'pegawai'),
(39, '2021B04039', 'egis', 'pegawai'),
(40, '2021B04040', 'entias', 'pegawai'),
(41, '2021B01041', 'aep', 'pegawai'),
(42, '2021B01042', 'ikin', 'pegawai'),
(43, '2021B01043', 'amas', 'pegawai'),
(44, '2021B01044', 'deki', 'pegawai'),
(45, '2021B01045', 'deris', 'pegawai'),
(46, '2021B02046', 'nendi', 'pegawai'),
(47, '2021B04047', 'titin', 'pegawai'),
(48, '2021B04048', 'Sari', 'pegawai'),
(49, '2021B03049', 'nana', 'pegawai'),
(50, '2021B03050', 'Komala', 'pegawai'),
(51, '2021B03051', 'Tejah', 'pegawai'),
(52, '2021B03052', 'dado', 'pegawai'),
(53, '2021B03053', 'rizki', 'pegawai'),
(54, '2021B03054', 'Kinta', 'pegawai'),
(55, '2021B03055', 'Rizkihadi', 'pegawai'),
(56, '2021B03056', 'kino', 'pegawai'),
(57, '2021B03057', 'yudi', 'pegawai'),
(58, '2021B04058', 'akbar', 'pegawai'),
(59, '2021B03059', 'sandi', 'pegawai'),
(60, '2021B03060', 'Deri', 'pegawai'),
(61, '2021B03061', 'iwan', 'pegawai'),
(62, '2021B03062', 'ayusekar', 'pegawai'),
(63, '2021B03063', 'apeefendi', 'pegawai'),
(64, '2021B03064', 'tenditurnaya', 'pegawai'),
(65, '2021B04065', 'kikireza', 'pegawai'),
(66, '2021B04066', 'yeyen', 'pegawai'),
(67, '2021B04067', 'reninuraeni', 'pegawai'),
(68, '2021B04068', 'Imelda', 'pegawai'),
(69, '2021B03069', 'dedi', 'pegawai'),
(70, '2021B03070', 'miki', 'pegawai'),
(71, '2021B03071', 'Dadan', 'pegawai'),
(72, '2021B04072', 'neneng', 'pegawai'),
(73, '2021B03073', 'kokon', 'pegawai');

-- --------------------------------------------------------

--
-- Struktur dari tabel `pegawai`
--

CREATE TABLE `pegawai` (
  `nip` varchar(11) NOT NULL,
  `nama` varchar(100) NOT NULL,
  `kode_jabatan` varchar(11) NOT NULL,
  `jenis_kelamin` enum('L','P','','') NOT NULL,
  `status_perkawinan` enum('menikah','belum_menikah','','') NOT NULL,
  `alamat` varchar(250) NOT NULL,
  `foto` text DEFAULT NULL,
  `status` enum('aktif','cuti','','') DEFAULT NULL
) ENGINE=InnoDB DEFAULT CHARSET=latin1;

--
-- Dumping data untuk tabel `pegawai`
--

INSERT INTO `pegawai` (`nip`, `nama`, `kode_jabatan`, `jenis_kelamin`, `status_perkawinan`, `alamat`, `foto`, `status`) VALUES
('2017B01001', 'Bagus', 'B01', 'L', 'belum_menikah', 'KP.Rancakaso', 'suarez.jpg', 'aktif'),
('2017B01003', 'Ramdan', 'B01', 'L', 'menikah', 'Silebu', NULL, 'aktif'),
('2017B01004', 'Upah Manjaya', 'B01', 'L', 'menikah', 'Soljer asik', NULL, 'cuti'),
('2017B01005', 'Johan', 'B01', 'L', 'menikah', 'Migran', NULL, 'aktif'),
('2017B02002', 'juned', 'B02', 'L', 'menikah', 'Batununggah', NULL, 'aktif'),
('2017B03007', 'Jajang', 'B03', 'L', 'menikah', 'Padamukti Mania', 'suarez1.jpg', 'aktif'),
('2017B03008', 'Rifal Pamualif', 'B03', 'L', 'menikah', 'Silebu', NULL, 'aktif'),
('2017B04006', 'Andi', 'B04', 'L', 'menikah', 'Bojong Bubu', NULL, 'aktif'),
('2019B03009', 'Munir', 'B03', 'L', 'menikah', 'Kp Sasak Jangkung Ds. Panyadap Kec. Majalaya Kab. Bandung', NULL, 'aktif'),
('2021B01031', 'Icha Nuranisa', 'B01', 'P', 'belum_menikah', 'KP.Bojongbubu RT.03/06', NULL, 'aktif'),
('2021B01032', 'Devi Devira', 'B01', 'L', 'menikah', 'KP.Paneureusan', NULL, 'aktif'),
('2021B01033', 'Opik', 'B01', 'L', 'menikah', 'Saradan', NULL, 'aktif'),
('2021B01034', 'Deden', 'B01', 'L', 'menikah', 'Kp. Puja', NULL, 'aktif'),
('2021B01041', 'Aep BM', 'B01', 'L', 'menikah', 'KP. Bojongbubu RT.03/06', NULL, 'aktif'),
('2021B01042', 'Ikin Sodikin', 'B01', 'L', 'menikah', 'KP.Bojongbubu RT.03/03', NULL, 'aktif'),
('2021B01043', 'Amas ', 'B01', 'L', 'menikah', 'KP. Bojongbubu RT.03/06', NULL, 'aktif'),
('2021B01044', 'Deki Godeg', 'B01', 'L', 'menikah', 'KP.Pancak Suji', NULL, 'aktif'),
('2021B01045', 'Deris Risnandar', 'B01', 'L', 'menikah', 'KP. Pancak Suji ', NULL, 'aktif'),
('2021B02029', 'Momo', 'B02', 'L', 'menikah', 'KP.Bojongbubu RT.02/06', NULL, 'aktif'),
('2021B02030', 'Ipan', 'B02', 'L', 'menikah', 'KP.Bojongbubu RT.03/06', NULL, 'aktif'),
('2021B02046', 'Nendi', 'B02', 'L', 'menikah', 'KP. Puja Panyadap', NULL, 'aktif'),
('2021B03011', 'Ajat', 'B03', 'L', 'menikah', 'KP.Rancakaso Rt.06 Rw.07', NULL, 'aktif'),
('2021B03012', 'Engkos', 'B03', 'L', 'menikah', 'KP.Cibodas Rt.02 Rw.03', NULL, 'aktif'),
('2021B03013', 'Enur', 'B03', 'P', 'menikah', 'KP.Bojongbubu RT.06/03', NULL, 'aktif'),
('2021B03014', 'Hendar', 'B03', 'L', 'menikah', 'Kp.Cibodas RT.09/04', NULL, 'aktif'),
('2021B03015', 'Pepep', 'B03', 'L', 'menikah', 'kp.Paneureusan', NULL, 'aktif'),
('2021B03016', 'Asep', 'B03', 'L', 'menikah', 'kp.lembang bagus', NULL, 'aktif'),
('2021B03017', 'Nandan', 'B03', 'L', 'menikah', 'Kp.saradan', NULL, 'aktif'),
('2021B03018', 'uwuh', 'B03', 'L', 'menikah', 'Kp.bojongbubu RT.03/06', NULL, 'aktif'),
('2021B03019', 'Entin', 'B03', 'L', 'menikah', 'KP.Rancakaso RT.03/06', NULL, 'aktif'),
('2021B03020', 'Cencen', 'B03', 'L', 'menikah', 'KP.Bojongbubu RT.03/06', NULL, 'aktif'),
('2021B03021', 'Tata', 'B03', 'L', 'menikah', 'KP.Rancakaso', NULL, 'aktif'),
('2021B03022', 'Dadang', 'B03', 'L', 'menikah', 'Kp.Paneureusan', NULL, 'aktif'),
('2021B03023', 'Jajat', 'B03', 'L', 'menikah', 'KP.Saradan', NULL, 'aktif'),
('2021B03024', 'Awan', 'B03', 'L', 'menikah', 'KP.Peneureusan', NULL, 'aktif'),
('2021B03025', 'Agung', 'B03', 'L', 'menikah', 'Ciparay', NULL, 'aktif'),
('2021B03026', 'Wawan', 'B03', 'L', 'menikah', 'Kp.Bojongbubu RT.02/06', 'IMG-20190407-WA00431.jpg', 'aktif'),
('2021B03027', 'Ama', 'B03', 'L', 'menikah', 'KP.Panyadap RT.05/03', NULL, 'aktif'),
('2021B03028', 'Uden', 'B03', 'L', 'menikah', 'Padamukti', NULL, 'aktif'),
('2021B03049', 'Nana Juhana', 'B03', 'L', 'menikah', 'KP.Bojongbubu RT.02/06', NULL, 'aktif'),
('2021B03050', 'Komala Sari', 'B03', 'L', 'menikah', 'KP.Bojongbubu RT.02/06', NULL, 'aktif'),
('2021B03051', 'Tejah', 'B03', 'L', 'menikah', 'KP.Bojongbubu RW.03', NULL, 'aktif'),
('2021B03052', 'Dado', 'B03', 'L', 'menikah', 'KP.Bojongbubu RW.03', NULL, 'aktif'),
('2021B03053', 'Rizki Fauzi', 'B03', 'L', 'menikah', 'KP.Rancakaso', NULL, 'aktif'),
('2021B03054', 'KInta', 'B03', 'L', 'menikah', 'KP.Rancakaso', NULL, 'aktif'),
('2021B03055', 'Rizki Hadi', 'B03', 'L', 'menikah', 'KP.Bojongbubu RT.03/06', NULL, 'aktif'),
('2021B03056', 'kino', 'B03', 'L', 'menikah', 'KP. Ranca Beureum', NULL, 'aktif'),
('2021B03057', 'Yudi', 'B03', 'L', 'menikah', 'KP.Bojongbubu', NULL, 'aktif'),
('2021B03059', 'Sandi Rosiandi', 'B03', 'L', 'menikah', 'KP.Rancakaso', NULL, 'aktif'),
('2021B03060', 'Deri', 'B03', 'L', 'menikah', 'KP.Bojongbubu RT.02/06', NULL, 'aktif'),
('2021B03061', 'Iwan Sopiandi', 'B03', 'L', 'menikah', 'KP.Bojongbubu', NULL, 'aktif'),
('2021B03062', 'Ayu Sekar', 'B03', 'L', 'menikah', 'KP.Pancak suji', NULL, 'aktif'),
('2021B03063', 'Ape Ependi', 'B03', 'L', 'menikah', 'KP.Rancakaso', NULL, 'aktif'),
('2021B03064', 'Tendi Turnaya', 'B03', 'L', 'menikah', 'KP.Bojongbubu', NULL, 'aktif'),
('2021B03069', 'Dedi Darmawan', 'B03', 'L', 'menikah', 'KP,Lembang Bengkok', NULL, 'aktif'),
('2021B03070', 'Miki', 'B03', 'L', 'menikah', 'KP.Cibodas', NULL, 'aktif'),
('2021B03071', 'Dadan', 'B03', 'L', 'menikah', 'Kp.Cibodas', NULL, 'aktif'),
('2021B03073', 'Kokon', 'B03', 'L', 'menikah', 'KP.Bojongbubu', NULL, 'aktif'),
('2021B04010', 'Aspari', 'B04', 'L', 'menikah', 'Kp. Majasetra Ds. Padamukti', NULL, 'aktif'),
('2021B04035', 'Nurliana', 'B04', 'L', 'menikah', 'KP.Cipaku', 'IMG-20190407-WA0017.jpg', 'aktif'),
('2021B04036', 'Asep', 'B04', 'L', 'menikah', 'Majalaya', NULL, 'aktif'),
('2021B04037', 'Maspupah', 'B04', 'L', 'menikah', 'KP. Panyadap', NULL, 'aktif'),
('2021B04038', 'Yeni meilani', 'B04', 'L', 'menikah', 'KP. Panyadap', NULL, 'aktif'),
('2021B04039', 'Egi S', 'B04', 'L', 'menikah', 'KP.Rancanyiruan', NULL, 'aktif'),
('2021B04040', 'Entis', 'B04', 'L', 'menikah', 'KP.Jati', NULL, 'aktif'),
('2021B04047', 'Titin', 'B04', 'L', 'menikah', 'KP.Rancakaso', NULL, 'aktif'),
('2021B04048', 'Sari', 'B04', 'L', 'menikah', 'KP.Bojongbubu RT.02/06', NULL, 'aktif'),
('2021B04058', 'Akbar', 'B04', 'L', 'menikah', 'KP.Bojongbubu RW.03', NULL, 'aktif'),
('2021B04065', 'Kiki Reza', 'B04', 'L', 'menikah', 'Buah Batu', NULL, 'aktif'),
('2021B04066', 'Yeyen Sabila', 'B04', 'L', 'menikah', 'KP.Cibodas', NULL, 'aktif'),
('2021B04067', 'Reni Nuraeni', 'B04', 'L', 'menikah', 'KP.Ciluncat', NULL, 'aktif'),
('2021B04068', 'Imelda Nanda', 'B04', 'L', 'menikah', 'KP.Cibodas', NULL, 'aktif'),
('2021B04072', 'neneng widia', 'B04', 'L', 'menikah', 'KP.Paneureusan', NULL, 'aktif');

-- --------------------------------------------------------

--
-- Struktur dari tabel `status_absen`
--

CREATE TABLE `status_absen` (
  `id_status` int(11) NOT NULL,
  `keterangan` varchar(50) NOT NULL
) ENGINE=InnoDB DEFAULT CHARSET=utf8mb4;

--
-- Dumping data untuk tabel `status_absen`
--

INSERT INTO `status_absen` (`id_status`, `keterangan`) VALUES
(1, 'Hadir'),
(2, 'Telat Masuk'),
(3, 'Awal Pulang'),
(4, 'Telat Semua');

--
-- Indexes for dumped tables
--

--
-- Indeks untuk tabel `absensi`
--
ALTER TABLE `absensi`
  ADD PRIMARY KEY (`no_absen`),
  ADD KEY `fkp` (`nip`);

--
-- Indeks untuk tabel `cuti`
--
ALTER TABLE `cuti`
  ADD PRIMARY KEY (`id_cuti`),
  ADD KEY `fkp` (`nip`);

--
-- Indeks untuk tabel `gaji`
--
ALTER TABLE `gaji`
  ADD PRIMARY KEY (`no_slip`),
  ADD KEY `fkk` (`nip`);

--
-- Indeks untuk tabel `jabatan`
--
ALTER TABLE `jabatan`
  ADD PRIMARY KEY (`kode_jabatan`);

--
-- Indeks untuk tabel `login`
--
ALTER TABLE `login`
  ADD PRIMARY KEY (`id`),
  ADD KEY `fkp` (`nip`);

--
-- Indeks untuk tabel `pegawai`
--
ALTER TABLE `pegawai`
  ADD PRIMARY KEY (`nip`),
  ADD KEY `fk_kd` (`kode_jabatan`);

--
-- Indeks untuk tabel `status_absen`
--
ALTER TABLE `status_absen`
  ADD PRIMARY KEY (`id_status`);

--
-- AUTO_INCREMENT untuk tabel yang dibuang
--

--
-- AUTO_INCREMENT untuk tabel `absensi`
--
ALTER TABLE `absensi`
  MODIFY `no_absen` int(11) NOT NULL AUTO_INCREMENT, AUTO_INCREMENT=671;

--
-- AUTO_INCREMENT untuk tabel `cuti`
--
ALTER TABLE `cuti`
  MODIFY `id_cuti` int(11) NOT NULL AUTO_INCREMENT, AUTO_INCREMENT=11;

--
-- AUTO_INCREMENT untuk tabel `gaji`
--
ALTER TABLE `gaji`
  MODIFY `no_slip` int(11) NOT NULL AUTO_INCREMENT, AUTO_INCREMENT=641;

--
-- AUTO_INCREMENT untuk tabel `login`
--
ALTER TABLE `login`
  MODIFY `id` int(11) NOT NULL AUTO_INCREMENT, AUTO_INCREMENT=74;

--
-- AUTO_INCREMENT untuk tabel `status_absen`
--
ALTER TABLE `status_absen`
  MODIFY `id_status` int(11) NOT NULL AUTO_INCREMENT, AUTO_INCREMENT=5;

--
-- Ketidakleluasaan untuk tabel pelimpahan (Dumped Tables)
--

--
-- Ketidakleluasaan untuk tabel `absensi`
--
ALTER TABLE `absensi`
  ADD CONSTRAINT `absensi_ibfk_1` FOREIGN KEY (`nip`) REFERENCES `pegawai` (`nip`) ON UPDATE CASCADE;

--
-- Ketidakleluasaan untuk tabel `cuti`
--
ALTER TABLE `cuti`
  ADD CONSTRAINT `cuti_ibfk_1` FOREIGN KEY (`nip`) REFERENCES `pegawai` (`nip`) ON UPDATE CASCADE;

--
-- Ketidakleluasaan untuk tabel `gaji`
--
ALTER TABLE `gaji`
  ADD CONSTRAINT `gaji_ibfk_1` FOREIGN KEY (`nip`) REFERENCES `pegawai` (`nip`) ON UPDATE CASCADE;

--
-- Ketidakleluasaan untuk tabel `login`
--
ALTER TABLE `login`
  ADD CONSTRAINT `fkpe` FOREIGN KEY (`nip`) REFERENCES `pegawai` (`nip`) ON UPDATE CASCADE;

--
-- Ketidakleluasaan untuk tabel `pegawai`
--
ALTER TABLE `pegawai`
  ADD CONSTRAINT `fk_kj` FOREIGN KEY (`kode_jabatan`) REFERENCES `jabatan` (`kode_jabatan`) ON DELETE CASCADE ON UPDATE CASCADE;
COMMIT;

/*!40101 SET CHARACTER_SET_CLIENT=@OLD_CHARACTER_SET_CLIENT */;
/*!40101 SET CHARACTER_SET_RESULTS=@OLD_CHARACTER_SET_RESULTS */;
/*!40101 SET COLLATION_CONNECTION=@OLD_COLLATION_CONNECTION */;
